id,docket_number,title,author,filing_type,date_received,filing_url,documents,raw_data,ai_summary,status,created_at,processed_at,ai_enhanced,ai_key_points,ai_stakeholders,ai_regulatory_impact,ai_document_analysis,ai_confidence,documents_processed
1.07163E+12,6-Feb,USAC_FCC_FORM_471_APPLICATION_251043301_DRAFT.pdf,Calvary Chapel Christian School,WAIVER,2025-07-17T15:00:29.895Z,https://www.fcc.gov/ecfs/filing/1071631225764,"[{""filename"":""USAC_FCC_FORM_471_APPLICATION_251043301_DRAFT.pdf"",""src"":""https://www.fcc.gov/ecfs/document/1071631225764/1"",""description"":"""",""type"":""pdf"",""downloadable"":true,""is_confidential"":false,""access_restricted"":false,""restriction_reason"":null,""size_estimate"":""small""},{""filename"":""25-26 471 renewal - #251043301.pdf"",""src"":""https://www.fcc.gov/ecfs/document/1071631225764/2"",""description"":"""",""type"":""pdf"",""downloadable"":true,""is_confidential"":false,""access_restricted"":false,""restriction_reason"":null,""size_estimate"":""small""}]","{""submissiontype"":{""description"":""WAIVER"",""short"":""PET WAIVER"",""id"":114,""abbreviation"":""PW""},""attachments"":[],""documents"":[{""filename"":""USAC_FCC_FORM_471_APPLICATION_251043301_DRAFT.pdf"",""src"":""https://www.fcc.gov/ecfs/document/1071631225764/1"",""description"":""""},{""filename"":""25-26 471 renewal - #251043301.pdf"",""src"":""https://www.fcc.gov/ecfs/document/1071631225764/2"",""description"":""""}],""id_submission"":""1071631225764"",""bureaus"":[],""id_bureau"":"""",""total_page_count"":0,""lawfirms"":[],""file_number"":""251043301"",""report_number"":"""",""date_disseminated"":""2025-07-17T15:00:29.895Z"",""proceedings"":[{""date_closed"":null,""id_proceeding"":1006100772,""name"":""02-6"",""bureau_code"":""CC"",""description"":""In the Matter of Schools and Libraries Universal Service Support Mechanism"",""created_date"":""2002-01-18T07:30:35.000-05:00"",""description_display"":""In the Matter of Schools and Libraries Universal Service Support Mechanism"",""bureau_name"":""Common Carrier Bureau""}],""date_received"":""2025-07-16T19:15:38.396Z"",""date_last_modified"":""2025-07-16T19:15:38.396Z"",""created"":true,""viewingstatus"":{""description"":""Unrestricted"",""id"":10},""express_comment"":0,""filers"":[{""name"":""Calvary Chapel Christian School""}],""date_submission"":""2025-07-16T19:15:38.396Z"",""filingstatus"":{""description"":""DISSEMINATED"",""id"":30},""presented_to"":[],""entity"":""Filer"",""authors"":[{""name"":""Trish Sahady""}],""_index"":""filings.2025.7"",""exparte_or_late_filed"":""N""}","Calvary Chapel Christian School (CCCS) filed a waiver request (FCC Form 471, Application #251043301) with the Universal Service Administrative Company (USAC) for E-rate funding in Funding Year 2025.  The application seeks $8,640 in funding for a 1 Gbps fiber optic internet connection from DQE Communications LLC, representing a 90% discount on a total pre-discount cost of $9,600.  The filing is a renewal application for services previously received.",completed_enhanced,2025-07-17T15:02:11.000Z,,1,"[""**E-rate Funding Request:** CCCS is requesting significant E-rate funding for high-bandwidth internet access, highlighting the continued demand for robust internet connectivity in educational settings."",""**Renewal Application:** This is not a new application, it's a renewal, suggesting ongoing service reliance and the established nature of this school's internet needs."",""**High Discount Rate:** The 90% discount rate indicates the school is classified as rural, receiving substantial support under the E-rate programâ€™s funding model for underserved areas."",""**Specific Service Provider:**  The use of DQE Communications LLC (SPN: 143026295) highlights reliance on a specific vendor and the implications of their pricing and service quality for the school."",""**Waiver Request (implied):** While not explicitly stated as a waiver, the use of the term \""DRAFT\"" on the Form 471 suggests a potential need for a waiver or clarification related to the applicationâ€™s content or process.  The presence of a \""DRAFT\"" Form 471 is irregular and may cause processing delays.""]","- Primary: Calvary Chapel Christian School (seeking E-rate funding for internet services).
- Affected: DQE Communications LLC (service provider), USAC (administrator of the E-rate program), FCC (regulatory body), students and staff of CCCS.
- Opposing: None explicitly mentioned in the provided documents.  Potential opposition could come from competitors of DQE Communications or organizations advocating for changes in E-rate allocation.","- Scope: Narrow (impact limited to a single school's E-rate application and funding).
- Timeline: Immediate (application needs to be processed for FY2025 funding); future (implications for future renewal applications).
- Precedent:  This filing follows existing E-rate regulations and procedures; it doesnâ€™t set any new legal precedent.  However, the â€œDRAFTâ€ nature of the filing might create an unusual circumstance impacting processing.","- Content Type: Primarily financial and administrative; the application contains technical details about the internet service.
- Key Arguments: The school's need for reliable, high-speed internet access to support educational activities, justifying the requested funding.
- Supporting Data:  The application includes details on student enrollment, contract terms, pricing, and bandwidth specifications.
- Attachments:  References are made to contracts (""CONTRACT-DQE COMMUNICATIONS - FIBER OPTICS GRANT -2ND DOCUMENT SIGNED 2-26-24"" and ""CONTRACT-DQE Calvary Chapel Christian School Proposal E-Rate 2024 FINAL.pdf""), which are not included in the provided analysis.","Medium. The analysis is limited by the absence of the full contract documents and the unusual presence of a ""DRAFT"" application.  While the core information is present, the lack of the full contracts leaves some room for potential unforeseen details.",2
1.07032E+13,03-123,Untitled Filing,"Sorenson Communications, LLC",COMPLIANCE FILING,2025-07-03T21:00:29.567Z,https://www.fcc.gov/ecfs/filing/10703212251370,[],"{""submissiontype"":{""description"":""COMPLIANCE FILING"",""short"":""COMPLIANCE"",""id"":128,""abbreviation"":""CF""},""is_staff_upload"":1,""delegated_authority_number"":"""",""documents"":[],""bureaus"":[],""id_submission"":""10703212251370"",""id_bureau"":"""",""total_page_count"":0,""lawfirms"":[{""name"":""HWG LLP""}],""date_released"":null,""file_number"":"""",""date_accepted"":null,""report_number"":"""",""date_disseminated"":""2025-07-03T21:00:29.567Z"",""date_received"":""2025-07-02T17:59:00.000Z"",""proceedings"":[{""sunshine_start_date"":""2025-06-18T04:00:00.000Z"",""date_closed"":null,""id_proceeding"":1007200825,""name"":""03-123"",""bureau_code"":""CG"",""description"":""Telecommunication Relay Services and Speech-to-Speech Services for Individuals with Hearing  and Speech Disabilities."",""created_date"":""2003-05-15T11:22:57.000-04:00"",""description_display"":""Telecommunication Relay Services and Speech-to-Speech Services for Individuals with Hearing  and Speech Disabilities."",""sunshine_end_date"":""2025-06-26T04:00:00.000Z"",""bureau_name"":""Consumer and Governmental Affairs Bureau""}],""date_last_modified"":""2025-07-03T18:01:51.124Z"",""created"":true,""viewingstatus"":{""description"":""Confidential"",""id"":""30""},""fcc_record"":"""",""date_filed"":""2025-07-01T17:59:00.000Z"",""express_comment"":0,""is_action"":0,""date_submission"":""2025-07-03T18:01:51.124Z"",""filers"":[{""name"":""Sorenson Communications, LLC""},{""name"":""CaptionCall, LLC""}],""filingstatus"":{""description"":""DISSEMINATED"",""id"":30},""presented_to"":[],""entity"":""Law Firm"",""authors"":[{""name"":""Anna Nesbitt""}],""_index"":""filings.2025.7"",""exparte_or_late_filed"":""N""}",This filing (Untitled Filing) contains confidential documents that are not publicly accessible.,completed_restricted,2025-07-17T15:02:12.000Z,+057512-11-24T06:59:11.000Z,1,"[""Filing marked as: Confidential"",""Document content not available for public analysis"",""Filing details may only be viewable by authorized parties""]",Cannot determine - confidential filing restrictions apply,Cannot assess - document content restricted from public access,Document analysis not possible due to confidentiality restrictions,"This filing is marked as ""Confidential"" in the FCC ECFS system, making document content inaccessible for AI analysis. Filing metadata and basic information remain publicly viewable.",0
1.07022E+13,03-123,Untitled Filing,"Convo Communications, LLC",LETTER,2025-07-02T21:00:29.567Z,https://www.fcc.gov/ecfs/filing/10702191525863,[],"{""submissiontype"":{""description"":""LETTER"",""short"":""LETTER"",""id"":29,""abbreviation"":""LT""},""is_staff_upload"":1,""delegated_authority_number"":"""",""documents"":[],""bureaus"":[],""id_submission"":""10702191525863"",""id_bureau"":"""",""total_page_count"":0,""lawfirms"":[],""date_released"":null,""file_number"":"""",""date_accepted"":null,""report_number"":"""",""date_disseminated"":""2025-07-02T21:00:29.567Z"",""date_received"":""2025-06-30T17:01:00.000Z"",""proceedings"":[{""sunshine_start_date"":""2025-06-18T04:00:00.000Z"",""date_closed"":null,""id_proceeding"":1007200825,""name"":""03-123"",""bureau_code"":""CG"",""description"":""Telecommunication Relay Services and Speech-to-Speech Services for Individuals with Hearing  and Speech Disabilities."",""created_date"":""2003-05-15T11:22:57.000-04:00"",""description_display"":""Telecommunication Relay Services and Speech-to-Speech Services for Individuals with Hearing  and Speech Disabilities."",""sunshine_end_date"":""2025-06-26T04:00:00.000Z"",""bureau_name"":""Consumer and Governmental Affairs Bureau""}],""date_last_modified"":""2025-07-02T17:04:19.428Z"",""created"":true,""viewingstatus"":{""description"":""Confidential"",""id"":""30""},""fcc_record"":"""",""date_filed"":""2025-06-27T17:01:00.000Z"",""express_comment"":0,""is_action"":0,""date_submission"":""2025-07-02T17:04:19.427Z"",""filers"":[{""name"":""Convo Communications, LLC""}],""filingstatus"":{""description"":""DISSEMINATED"",""id"":30},""presented_to"":[],""entity"":"""",""authors"":[{""name"":""Amanda Montgomery""}],""_index"":""filings.2025.7"",""exparte_or_late_filed"":""N""}",This filing (Untitled Filing) contains confidential documents that are not publicly accessible.,completed_restricted,2025-07-17T15:02:12.000Z,+057512-11-24T07:15:51.000Z,1,"[""Filing marked as: Confidential"",""Document content not available for public analysis"",""Filing details may only be viewable by authorized parties""]",Cannot determine - confidential filing restrictions apply,Cannot assess - document content restricted from public access,Document analysis not possible due to confidentiality restrictions,"This filing is marked as ""Confidential"" in the FCC ECFS system, making document content inaccessible for AI analysis. Filing metadata and basic information remain publicly viewable.",0
1.07079E+13,03-123,DA-25-578A1.pdf,Consumer and Governmental Affairs Bureau,ORDER,2025-07-07T17:00:00.000Z,https://www.fcc.gov/ecfs/filing/10707869810147,"[{""filename"":""DA-25-578A1.pdf"",""src"":""https://docs.fcc.gov/public/attachments/DA-25-578A1.pdf"",""description"":"""",""type"":""pdf"",""downloadable"":true,""is_confidential"":false,""access_restricted"":false,""restriction_reason"":null,""size_estimate"":""small""}]","{""submissiontype"":{""filingsCount"":0,""flag_public"":""N"",""short"":""ORDER"",""description"":""ORDER"",""id"":68,""type"":""ORDER""},""is_staff_upload"":0,""documents"":[{""filename"":""DA-25-578A1.pdf"",""src"":""https://docs.fcc.gov/public/attachments/DA-25-578A1.pdf"",""description"":""""}],""delegated_authority_number"":""DA-25-578"",""id_submission"":""10707869810147"",""bureaus"":[{""code"":""CG"",""name"":""Consumer and Governmental Affairs Bureau"",""edocs_bureau_code"":""CGB""}],""lawfirms"":[{""name"":""FCC""}],""bureau_id"":"""",""date_comment_period"":null,""file_number"":"""",""admincomment"":"""",""report_number"":"""",""date_disseminated"":""2025-07-07T17:00:00.000Z"",""id_edocs"":412729,""proceedings"":[{""name"":""03-123"",""bureau_code"":""CG"",""description"":""Telecommunication Relay Services and Speech-to-Speech Services for Individuals with Hearing  and Speech Disabilities."",""bureau_name"":""Consumer and Governmental Affairs Bureau""},{""name"":""10-51"",""bureau_code"":""CG"",""description"":""In the Matter of Structure and Practices of the Video Relay Service Program. ."",""bureau_name"":""Consumer and Governmental Affairs Bureau""}],""date_received"":""2025-07-07T17:00:00.000Z"",""reg_flex_analysis"":""N"",""date_last_modified"":""2025-07-08T21:47:08.000Z"",""small_business_impact"":""N"",""viewingstatus"":{""description"":""Unrestricted"",""id"":10},""fcc_record"":"""",""date_reply_comment"":null,""express_comment"":0,""is_action"":1,""exparte_or_late_filed"":""N"",""filers"":[{""name"":""Consumer and Governmental Affairs Bureau""}],""date_submission"":""2025-07-07T17:00:00.000Z"",""filingstatus"":{""description"":""DISSEMINATED"",""id"":30},""trackChanges"":[{""changes"":{},""user"":""edocs.interface"",""updated"":""2025-07-07T19:15:23.299Z""},{""changes"":{},""user"":""edocs.interface"",""updated"":""2025-07-08T17:00:43.368Z""}],""entity"":""Filer"",""authors"":[{""name"":""Consumer and Governmental Affairs Bureau""}],""_index"":""filings.actions.2025""}","This FCC Order (DA 25-578A1) sets the funding requirements and contribution factors for the Interstate Telecommunications Relay Services (TRS) Fund for the 2025-26 fiscal year.  The order adjusts projected demand for several TRS services (VRS and IP CTS) based on an analysis of provider projections, resulting in a slightly reduced net funding requirement of $1,479,568,862 compared to the previous year.  This adjustment affects carrier contribution factors for both internet-based and non-internet-based TRS.",completed_enhanced,2025-07-17T15:02:12.000Z,,1,"[""Establishment of the $1,479,568,862 net funding requirement for the Interstate TRS Fund for fiscal year 2025-26."",""Revised contribution factors: 0.00025 for non-Internet-based TRS and 0.02086 for Internet-based TRS, reflecting adjustments to projected demand for VRS and IP CTS."",""Adjustment of projected demand for VRS and IP CTS based on the determination that some provider projections were overly optimistic, leading to lower funding requirements for these services."",""Approval of $10,000,000 in funding for the National Deaf-Blind Equipment Distribution Program (NDBEDP).""]","- Primary: Consumer and Governmental Affairs Bureau (CGB) of the FCC â€“  to establish funding levels for the TRS program.
- Affected: Telecommunications carriers and other covered service providers (who contribute to the fund), TRS providers (who receive compensation from the fund), individuals with hearing and speech disabilities (who utilize TRS services).
- Opposing:  The Small Company Coalition raised questions regarding the need for and calculation of the payment reserve.","- Scope:  Directly impacts the financial obligations of telecommunications carriers and funding for TRS providers nationwide.
- Timeline: Immediate effect upon release; the established funding levels and contribution factors apply for the entire 2025-26 fiscal year.
- Precedent:  The order follows established procedures for determining TRS funding but modifies previously projected demand based on new analysis, setting a precedent for future review of provider demand projections.",#NAME?,"High.  The document is a formal FCC order, clearly articulating its reasoning and supporting data.  The adjustments to funding are based on a thorough review of the administrator's report and stakeholder comments.",1
1.07024E+13,03-123,Untitled Filing,"nagish, inc.",LETTER,2025-07-02T19:00:29.895Z,https://www.fcc.gov/ecfs/filing/10702384811920,[],"{""submissiontype"":{""description"":""LETTER"",""short"":""LETTER"",""id"":29,""abbreviation"":""LT""},""is_staff_upload"":1,""delegated_authority_number"":"""",""documents"":[],""bureaus"":[],""id_submission"":""10702384811920"",""id_bureau"":"""",""total_page_count"":0,""lawfirms"":[],""date_released"":null,""file_number"":"""",""date_accepted"":null,""report_number"":"""",""date_disseminated"":""2025-07-02T19:00:29.895Z"",""date_received"":""2025-07-01T16:54:00.000Z"",""proceedings"":[{""sunshine_start_date"":""2025-06-18T04:00:00.000Z"",""date_closed"":null,""id_proceeding"":1007200825,""name"":""03-123"",""bureau_code"":""CG"",""description"":""Telecommunication Relay Services and Speech-to-Speech Services for Individuals with Hearing  and Speech Disabilities."",""created_date"":""2003-05-15T11:22:57.000-04:00"",""description_display"":""Telecommunication Relay Services and Speech-to-Speech Services for Individuals with Hearing  and Speech Disabilities."",""sunshine_end_date"":""2025-06-26T04:00:00.000Z"",""bureau_name"":""Consumer and Governmental Affairs Bureau""}],""date_last_modified"":""2025-07-02T16:57:00.471Z"",""created"":true,""viewingstatus"":{""description"":""Confidential"",""id"":""30""},""fcc_record"":"""",""date_filed"":""2025-06-30T16:54:00.000Z"",""express_comment"":0,""is_action"":0,""date_submission"":""2025-07-02T16:57:00.471Z"",""filers"":[{""name"":""nagish, inc.""}],""filingstatus"":{""description"":""DISSEMINATED"",""id"":30},""presented_to"":[],""entity"":""Filer"",""authors"":[{""name"":""Tomer Aharoni""}],""_index"":""filings.2025.7"",""exparte_or_late_filed"":""N""}",This filing (Untitled Filing) contains confidential documents that are not publicly accessible.,completed_restricted,2025-07-17T15:02:12.000Z,+057512-11-24T11:11:29.000Z,1,"[""Filing marked as: Confidential"",""Document content not available for public analysis"",""Filing details may only be viewable by authorized parties""]",Cannot determine - confidential filing restrictions apply,Cannot assess - document content restricted from public access,Document analysis not possible due to confidentiality restrictions,"This filing is marked as ""Confidential"" in the FCC ECFS system, making document content inaccessible for AI analysis. Filing metadata and basic information remain publicly viewable.",0
1.07026E+13,03-123,OK- FCC Cover Letter 2025.pdf,OTA - OKLAHOMA TELEPHONE ASSOCATION,REPORT,2025-07-02T21:00:29.567Z,https://www.fcc.gov/ecfs/filing/10702579615285,"[{""filename"":""OK- FCC Cover Letter 2025.pdf"",""src"":""https://www.fcc.gov/ecfs/document/10702579615285/1"",""description"":"""",""type"":""pdf"",""downloadable"":true,""is_confidential"":false,""access_restricted"":false,""restriction_reason"":null,""size_estimate"":""small""},{""filename"":""Oklahoma TRS FCC Report 2025.pdf"",""src"":""https://www.fcc.gov/ecfs/document/10702579615285/2"",""description"":"""",""type"":""pdf"",""downloadable"":true,""is_confidential"":false,""access_restricted"":false,""restriction_reason"":null,""size_estimate"":""small""},{""filename"":""OK CapTel Complaints 2025.pdf"",""src"":""https://www.fcc.gov/ecfs/document/10702579615285/3"",""description"":"""",""type"":""pdf"",""downloadable"":true,""is_confidential"":false,""access_restricted"":false,""restriction_reason"":null,""size_estimate"":""small""}]","{""submissiontype"":{""description"":""REPORT"",""short"":""REPORT"",""id"":93,""abbreviation"":""RT""},""attachments"":[],""documents"":[{""filename"":""OK- FCC Cover Letter 2025.pdf"",""src"":""https://www.fcc.gov/ecfs/document/10702579615285/1"",""description"":""""},{""filename"":""Oklahoma TRS FCC Report 2025.pdf"",""src"":""https://www.fcc.gov/ecfs/document/10702579615285/2"",""description"":""""},{""filename"":""OK CapTel Complaints 2025.pdf"",""src"":""https://www.fcc.gov/ecfs/document/10702579615285/3"",""description"":""""}],""id_submission"":""10702579615285"",""bureaus"":[],""id_bureau"":"""",""total_page_count"":0,""lawfirms"":[],""file_number"":"""",""report_number"":"""",""date_disseminated"":""2025-07-02T21:00:29.567Z"",""proceedings"":[{""sunshine_start_date"":""2025-06-18T04:00:00.000Z"",""date_closed"":null,""id_proceeding"":1007200825,""name"":""03-123"",""bureau_code"":""CG"",""description"":""Telecommunication Relay Services and Speech-to-Speech Services for Individuals with Hearing  and Speech Disabilities."",""created_date"":""2003-05-15T11:22:57.000-04:00"",""description_display"":""Telecommunication Relay Services and Speech-to-Speech Services for Individuals with Hearing  and Speech Disabilities."",""sunshine_end_date"":""2025-06-26T04:00:00.000Z"",""bureau_name"":""Consumer and Governmental Affairs Bureau""}],""date_received"":""2025-07-02T17:17:39.980Z"",""date_last_modified"":""2025-07-02T17:17:39.980Z"",""created"":true,""viewingstatus"":{""description"":""Unrestricted"",""id"":10},""express_comment"":0,""filers"":[{""name"":""OTA - OKLAHOMA TELEPHONE ASSOCATION""}],""date_submission"":""2025-07-02T17:17:39.979Z"",""filingstatus"":{""description"":""DISSEMINATED"",""id"":30},""presented_to"":[],""entity"":""Filer"",""authors"":[],""_index"":""filings.2025.7"",""exparte_or_late_filed"":""N""}","The Oklahoma Telephone Association (OTA) submitted a report to the FCC detailing Telecommunications Relay Service (TRS) consumer complaints handled by Hamilton Relay in Oklahoma from June 1, 2024, to May 31, 2025.  The report indicates a relatively low number of complaints, most of which involved customers attempting to reach non-TRS services, and all were resolved within the FCC's required timeframe.  The filing fulfills OTA's regulatory obligation under Section 64.604(c)(ii) of the FCC's rules.",completed_enhanced,2025-07-17T15:02:13.000Z,,1,"[""**Compliance with FCC TRS Reporting Requirements:** The filing demonstrates OTA's compliance with FCC regulations concerning the reporting of TRS consumer complaints."",""**Effective Complaint Resolution:** Hamilton Relay, the TRS provider, resolved all reported complaints within the 72-hour timeframe established by the FCC, indicating effective customer service."",""**Nature of Complaints:** The majority of complaints involved consumers mistakenly using TRS to contact other services (e.g., utility companies), highlighting potential user education needs regarding TRS functionality."",""**Lack of Major TRS Issues:** The report lacks evidence of significant issues related to the quality or availability of TRS services within Oklahoma.  Reports from CapTel show a similar lack of major compliance issues.""]","- Primary: Oklahoma Telephone Association (OTA) - Filing the report to fulfill regulatory compliance obligations.
- Affected: Individuals using TRS services in Oklahoma; Hamilton Relay (TRS provider); the State of Oklahoma.
- Opposing: None explicitly mentioned in the provided documents.","- Scope: Narrow; focused specifically on TRS complaint reporting in Oklahoma.
- Timeline: Immediate â€“ the report covers a completed reporting period.  Future implications are limited to potential adjustments based on ongoing performance.
- Precedent: Follows existing FCC regulations regarding TRS reporting and performance.",#NAME?,"High. The provided information is clear, complete, and appears consistent with standard regulatory reporting practices.",3
1.0717E+12,25-143,Howell County Missouri PSAP ID 3824.pdf,Howell County Missouri PSAP ID 3824,REQUEST,2025-07-17T17:00:29.524Z,https://www.fcc.gov/ecfs/filing/1071702555672,"[{""filename"":""Howell County Missouri PSAP ID 3824.pdf"",""src"":""https://www.fcc.gov/ecfs/document/1071702555672/1"",""description"":"""",""type"":""pdf"",""downloadable"":true,""is_confidential"":false,""access_restricted"":false,""restriction_reason"":null,""size_estimate"":""small""}]","{""submissiontype"":{""description"":""REQUEST"",""short"":""REQUEST"",""id"":95,""abbreviation"":""RQ""},""attachments"":[],""documents"":[{""filename"":""Howell County Missouri PSAP ID 3824.pdf"",""src"":""https://www.fcc.gov/ecfs/document/1071702555672/1"",""description"":""""}],""id_submission"":""1071702555672"",""bureaus"":[],""id_bureau"":"""",""total_page_count"":0,""lawfirms"":[],""file_number"":"""",""report_number"":"""",""date_disseminated"":""2025-07-17T17:00:29.524Z"",""proceedings"":[{""sunshine_start_date"":null,""date_closed"":null,""id_proceeding"":1742920240657,""name"":""25-143"",""bureau_code"":""PSHSB"",""description"":""Next Generation 911 (NG911) Valid Requests"",""created_date"":""2025-03-18T20:11:17.000Z"",""description_display"":""Next Generation 911 (NG911) Valid Requests"",""sunshine_end_date"":null,""bureau_name"":""Public Safety & Homeland Security Bureau""}],""date_received"":""2025-07-17T14:45:08.877Z"",""date_last_modified"":""2025-07-17T14:45:08.877Z"",""created"":true,""viewingstatus"":{""description"":""Unrestricted"",""id"":10},""express_comment"":0,""filers"":[{""name"":""Howell County Missouri PSAP ID 3824""}],""date_submission"":""2025-07-17T14:45:08.876Z"",""filingstatus"":{""description"":""DISSEMINATED"",""id"":30},""presented_to"":[],""entity"":""Filer"",""authors"":[{""name"":""Cassandra Cole - INdigital""}],""_index"":""filings.2025.7"",""exparte_or_late_filed"":""N""}",AI processing failed: [GoogleGenerativeAI Error]: Error fetching from https://generativelanguage.googleapis.com/v1beta/models/gemini-1.5-flash:generateContent: [503 Service Unavailable] The model is overloaded. Please try again later.,failed_ai_processing,2025-07-17T17:01:31.000Z,+057513-02-15T08:56:03.000Z,0,,,,,,0
